<?xml version="1.0" encoding="utf-8"?>
<modification>
    <name>text_for_banner</name>
     <code>text_for_banner</code>
    <version>1.0</version>
    <author>DK</author>
    <file path="admin/model/design/banner.php">

         <operation>
            <search><![CDATA[
            $this->db->query("INSERT INTO " . DB_PREFIX . "banner_image SET banner_id = '" . (int)$banner_id . "', language_id = '" . (int)$language_id . "', title = '" .  $this->db->escape($banner_image['title']) . "', link = '" .  $this->db->escape($banner_image['link']) . "', image = '" .  $this->db->escape($banner_image['image']) . "', sort_order = '" .  (int)$banner_image['sort_order'] . "'");
            ]]></search>
            <add position="replace"><![CDATA[
            $this->db->query("INSERT INTO " . DB_PREFIX . "banner_image SET banner_id = '" . (int)$banner_id . "', language_id = '" . (int)$language_id . "', title = '" .  $this->db->escape($banner_image['title']) . "', text_for_banner = '" .  $this->db->escape($banner_image['text_for_banner']) . "', style_for_banner = '" .  $this->db->escape($banner_image['style_for_banner']) . "', link = '" .  $this->db->escape($banner_image['link']) . "', image = '" .  $this->db->escape($banner_image['image']) . "', sort_order = '" .  (int)$banner_image['sort_order'] . "'");
            ]]></add>
        </operation>
        <operation>
            <search><![CDATA[
            $this->db->query("INSERT INTO " . DB_PREFIX . "banner_image SET banner_id = '" . (int)$banner_id . "', language_id = '" . (int)$language_id . "', title = '" .  $this->db->escape($banner_image['title']) . "', link = '" .  $this->db->escape($banner_image['link']) . "', image = '" .  $this->db->escape($banner_image['image']) . "', sort_order = '" . (int)$banner_image['sort_order'] . "'");
            ]]></search>
            <add position="replace"><![CDATA[
            $this->db->query("INSERT INTO " . DB_PREFIX . "banner_image SET banner_id = '" . (int)$banner_id . "', language_id = '" . (int)$language_id . "', title = '" .  $this->db->escape($banner_image['title']) . "', text_for_banner = '" .  $this->db->escape($banner_image['text_for_banner']) . "', style_for_banner = '" .  $this->db->escape($banner_image['style_for_banner']) . "', link = '" .  $this->db->escape($banner_image['link']) . "', image = '" .  $this->db->escape($banner_image['image']) . "', sort_order = '" . (int)$banner_image['sort_order'] . "'");
            ]]></add>
        </operation>
        <operation>
            <search><![CDATA[
            $banner_image_data[$banner_image['language_id']][] = array(
            ]]></search>
            <add position="after"><![CDATA[
            'text_for_banner' => $banner_image['text_for_banner'],
            'style_for_banner' => $banner_image['style_for_banner'],            
            ]]></add>
        </operation>

    </file>

    <file path="admin/language/ru-ru/design/banner.php">

         <operation>
            <search><![CDATA[
            $_['entry_name']        = 'Название баннера';
            ]]></search>
            <add position="before"><![CDATA[
            $_['entry_text_for_banner']        = 'Введите текст';
            $_['entry_style_for_banner']   = 'Введите стили CSS';
            ]]></add>
        </operation>  

    </file>

    <file path="admin/controller/design/banner.php">

         <operation>
            <search><![CDATA[
            $data['entry_name'] = $this->language->get('entry_name');
            ]]></search>
            <add position="after"><![CDATA[
            $data['entry_text_for_banner'] = $this->language->get('entry_text_for_banner');
            $data['entry_style_for_banner'] = $this->language->get('entry_style_for_banner');
            ]]></add>
        </operation>

        <operation>
            <search><![CDATA[
            'link'       => $banner_image['link'],
            ]]></search>
            <add position="after"><![CDATA[
            'text_for_banner'       => $banner_image['text_for_banner'],
            'style_for_banner'      => $banner_image['style_for_banner'],
            ]]></add>
        </operation>  

    </file>

     <file path="admin/view/template/design/banner_form.tpl">

         <operation>
            <search><![CDATA[
            <td class="text-left"><?php echo $entry_title; ?></td>
            ]]></search>
            <add position="before"><![CDATA[
            <td class="text-left"><?php echo $entry_text_for_banner; ?></td>
            ]]></add>
        </operation>  

        <operation>
            <search><![CDATA[
            <tr id="image-row<?php echo $image_row; ?>">
            ]]></search>
            <add position="after"><![CDATA[
            <td class="text-left"><input type="text" name="banner_image[<?php echo $language['language_id']; ?>][<?php echo $image_row; ?>][text_for_banner]" value="<?php echo $banner_image['text_for_banner']; ?>" placeholder="<?php echo $entry_text_for_banner; ?>" class="form-control" />
              <?php if (isset($error_banner_image[$language['language_id']][$image_row])) { ?>
              <div class="text-danger"><?php echo $error_banner_image[$language['language_id']][$image_row]; ?></div>
              <?php } ?>
              <textarea class="text-left" name="banner_image[<?php echo $language['language_id']; ?>][<?php echo $image_row; ?>][style_for_banner]" placeholder="<?php echo $entry_style_for_banner; ?>"><?php echo $banner_image['style_for_banner']; ?></textarea></td>
            ]]></add>
        </operation>  

        <operation>
            <search><![CDATA[
            html  = '<tr id="image-row' + image_row + '">';
            ]]></search>
            <add position="after"><![CDATA[
             html += '  <td class="text-left"><input type="text" name="banner_image[' + language_id + '][' + image_row + '][text_for_banner]" value="" placeholder="<?php echo $entry_text_for_banner; ?>" class="form-control" /><textarea name="banner_image[' + language_id + '][' + image_row + '][style_for_banner]" value="" placeholder="<?php echo $entry_style_for_banner; ?>" class="form-control" /></td>'; 
            ]]></add>
        </operation>  

    </file>

    <file path="catalog/controller/extension/module/slideshow.php">

         <operation>
            <search><![CDATA[
            'link'  => $result['link'],
            ]]></search>
            <add position="after"><![CDATA[
            'text_for_banner'  => $result['text_for_banner'],
            'style_for_banner'  => $result['style_for_banner'],
            ]]></add>
        </operation>  

    </file>
    <file path="catalog/controller/extension/module/banner.php">

         <operation>
            <search><![CDATA[
            'link'  => $result['link'],
            ]]></search>
            <add position="after"><![CDATA[
            'text_for_banner'  => $result['text_for_banner'],
            'style_for_banner'  => $result['style_for_banner'],
            ]]></add>
        </operation>  

    </file>
    <file path="catalog/controller/extension/module/carousel.php">

         <operation>
            <search><![CDATA[
            'link'  => $result['link'],
            ]]></search>
            <add position="after"><![CDATA[
            'text_for_banner'  => $result['text_for_banner'],
            'style_for_banner'  => $result['style_for_banner'],
            ]]></add>
        </operation>  

    </file>

    <file path="catalog/view/theme/*/template/extension/module/slideshow.tpl">

         <operation>
            <search><![CDATA[
            <?php if ($banner['link']) { ?>
            ]]></search>
            <add position="replace" offset="5"><![CDATA[
            <?php if ($banner['link']) {
      if($banner['text_for_banner']) {?>
      <a href="<?php echo $banner['link']; ?>" class = "textLinkStyle" style = "<?php echo $banner['style_for_banner']; ?>"><?php echo $banner['text_for_banner']; ?></a><img src="<?php echo $banner['image']; ?>" alt="<?php echo $banner['title']; ?>" class="img-responsive" />
       <?php } else {?>
    <a href="<?php echo $banner['link']; ?>"><img src="<?php echo $banner['image']; ?>" alt="<?php echo $banner['title']; ?>" class="img-responsive" /></a>
    <?php }} else { ?>
    <img src="<?php echo $banner['image']; ?>" alt="<?php echo $banner['title']; ?>" class="img-responsive" />
    <?php } ?>
            ]]></add>
        </operation> 
    </file>
    <file path="catalog/view/theme/*/template/extension/module/banner.tpl">

         <operation>
            <search><![CDATA[
            <?php if ($banner['link']) { ?>
            ]]></search>
            <add position="replace" offset="4"><![CDATA[
            <?php if ($banner['link']) {
      if($banner['text_for_banner']) { ?>
      <a href="<?php echo $banner['link']; ?>" class = "textLinkStyle" style = "<?php echo $banner['style_for_banner']; ?>"><?php echo $banner['text_for_banner']; ?></a><img src="<?php echo $banner['image']; ?>" alt="<?php echo $banner['title']; ?>" class="img-responsive" />
       <?php } else {?>
    <a href="<?php echo $banner['link']; ?>"><img src="<?php echo $banner['image']; ?>" alt="<?php echo $banner['title']; ?>" class="img-responsive" /></a>
    <?php }} else { ?>
    <img src="<?php echo $banner['image']; ?>" alt="<?php echo $banner['title']; ?>" class="img-responsive" />
    <?php } ?>
            ]]></add>
        </operation> 
    </file>
    <file path="catalog/view/theme/*/template/extension/module/carousel.tpl">

         <operation>
            <search><![CDATA[
            <?php if ($banner['link']) { ?>
            ]]></search>
            <add position="replace" offset="4"><![CDATA[
             <?php if ($banner['link']) {
      if($banner['text_for_banner']) { ?>
      <a href="<?php echo $banner['link']; ?>" class = "textLinkStyle" style = "<?php echo $banner['style_for_banner']; ?>"><?php echo $banner['text_for_banner']; ?></a><img src="<?php echo $banner['image']; ?>" alt="<?php echo $banner['title']; ?>" class="img-responsive" />
       <?php } else {?>
    <a href="<?php echo $banner['link']; ?>"><img src="<?php echo $banner['image']; ?>" alt="<?php echo $banner['title']; ?>" class="img-responsive" /></a>
    <?php }} else { ?>
    <img src="<?php echo $banner['image']; ?>" alt="<?php echo $banner['title']; ?>" class="img-responsive" />
    <?php } ?>
            ]]></add>
        </operation> 
    </file>

</modification>